{"legs": [{"polyline": [[37.57607298741294, 126.9768181266522], [37.57534529341477, 126.97677092934445], [37.57534529341477, 126.97677092934445], [37.57501477589768, 126.9767487185086], [37.57501477589768, 126.9767487185086], [37.57496200610077, 126.97685148841397], [37.57492867699227, 126.97687093203024], [37.57490090279333, 126.97689037548919], [37.574820356853934, 126.97690426539351], [37.57440373883643, 126.97691538729138], [37.57425375632815, 126.97691816906374], [37.57425375632815, 126.97691816906374], [37.57423708761281, 126.9766959675663], [37.574228753255156, 126.97658486681759], [37.574212085287364, 126.97640432818943], [37.574212085287364, 126.97640432818943], [37.57416209045351, 126.97636822178528], [37.57413431490907, 126.97631267207954], [37.5741259821959, 126.97629322964319], [37.57412042653886, 126.97625156693124], [37.57411764709081, 126.97614046602523], [37.57411764709081, 126.97614046602523], [37.57400099389039, 126.97613491427964], [37.57379546218677, 126.97613214257566], [37.57374546800071, 126.97613214399148], [37.57370380612917, 126.9761293676467], [37.57368991825728, 126.97609603774457], [37.57364547848247, 126.9760682637569], [37.573573264757805, 126.97607382085118], [37.57353993584856, 126.97610437456586], [37.57353993584856, 126.97610437456586], [37.573456612504074, 126.97612104207325], [37.573456612504074, 126.97612104207325], [37.57345938731783, 126.9759738331898]], "distance": 371, "duration": 319, "guides": ["보행자도로를 따라 81m 이동", "횡단보도 후 보행자도로를 따라 37m 이동", "좌회전 후 세종대로를 따라 90m 이동", "우회전 후 보행자도로를 따라 46m 이동", "좌회전 후 27m 이동", "좌회전 후 68m 이동", "러브플라워닷컴에서 우회전 후 9m 이동", "우회전 후 보행자도로를 따라 13m 이동", "도착"], "stairsPossible": false, "fallback": false}, {"polyline": [[37.57345938731783, 126.9759738331898], [37.573456612504074, 126.97612104207325], [37.573456612504074, 126.97612104207325], [37.57332051726956, 126.97612382345197], [37.57332051776786, 126.97615159869817], [37.573317743253114, 126.97631547272937], [37.573317743253114, 126.97631547272937], [37.57319275913329, 126.97639046943362], [37.57319275913329, 126.97639046943362], [37.57317331864407, 126.97648490582131], [37.573173322481104, 126.97669877521709], [37.57317610412177, 126.97693208720662], [37.57317610412177, 126.97693208720662], [37.572967796109225, 126.97699319864756]], "distance": 132, "duration": 107, "guides": ["보행자도로를 따라 13m 이동", "러브플라워닷컴에서 우회전 후 보행자도로를 따라 32m 이동", "우회전 후 보행자도로를 따라 15m 이동", "좌회전 후 보행자도로를 따라 49m 이동", "우회전 후 세종대로를 따라 23m 이동", "도착"], "stairsPossible": false, "fallback": false}], "totalDistance": 503, "totalDuration": 426}